upon,454
said,438
holm,420
one,378
would,327
man,296
could,286
mr,270
littl,268
see,251
come,198
may,196
hand,188
know,187
think,183
us,180
well,179
look,174
shall,168
time,167
must,160
room,159
door,146
came,146
matter,145
two,143
back,136
face,134
case,133
go,129
day,127
way,126
might,125
hous,124
much,120
like,120
say,118
good,117
heard,113
found,113
seem,112
eye,110
open,109
made,108
howev,107
even,107
quit,107
miss,107
remark,105
tell,105
away,104
never,103
noth,103
morn,102
ye,101
take,100
make,100
right,98
turn,98
sherlock,96
window,95
street,94
last,93
find,92
friend,92
saw,89
year,89
thought,88
long,88
yet,87
oh,87
first,86
word,86
ask,86
ladi,86
took,85
left,84
paper,84
night,84
still,82
side,82
everi,81
round,81
father,81
head,80
busi,80
watson,79
put,79
point,79
light,78
small,78
young,78
sir,78
place,77
answer,77
call,77
use,75
interest,74
thing,73
give,73
without,73
name,72
get,72
doubt,71
let,71
seen,70
st,70
woman,69
ever,69
clear,69
three,69
return,68
appear,68
went,68
old,67
pass,67
done,67
wait,66
glanc,65
cri,65
rather,64
possibl,64
someth,63
though,62
end,62
leav,62
mind,61
wish,61
perhap,61
walk,60
great,60
fact,59
cours,59
wife,58
chair,58
alway,57
step,57
enough,57
knew,56
letter,56
observ,55
hour,55
minut,55
work,54
dear,54
far,54
sat,54
reason,53
close,53
got,53
question,52
follow,52
inde,52
help,52
sure,52
front,51
anyth,51
also,51
dark,50
behind,50
told,50
hardli,50
home,50
read,50
better,50
understand,50
brought,50
son,50
dress,49
realli,49
lay,49
want,48
save,47
black,47
show,47
alreadi,47
suddenli,47
life,47
within,47
strang,46
gave,46
rush,46
whole,45
gentleman,45
carri,45
week,44
fire,44
live,44
note,44
mean,44
present,44
gone,44
polic,43
laugh,43
tabl,43
money,43
hat,43
whether,43
hope,43
hair,43
natur,42
baker,42
doctor,42
enter,42
pray,42
set,42
part,41
mani,41
larg,41
start,41
lord,41
men,40
caus,40
london,40
moment,40
absolut,40
met,40
mccarthi,40
half,39
sinc,39
certainli,39
believ,39
examin,39
anoth,39
soon,39
fear,39
bed,39
rucastl,39
clock,38
sound,38
less,38
companion,37
stori,37
hear,37
care,37
besid,37
across,36
import,36
least,36
stone,36
lestrad,36
love,35
remain,35
among,35
crime,35
sign,35
stood,35
togeth,35
order,35
stand,35
sit,35
person,35
five,35
road,35
reach,35
evid,35
hurri,35
talk,35
sever,35
consider,35
feel,35
simon,35
singular,34
famili,34
corner,34
lock,34
keep,34
fellow,34
sister,34
strong,33
late,33
either,33
marri,33
near,33
felt,32
imagin,32
given,32
death,32
els,32
line,32
surpris,32
client,32
ground,32
laid,32
run,32
rememb,32
cut,31
best,31
abl,31
becam,31
four,31
assist,31
instant,31
forward,31
offic,31
countri,30
bring,30
pocket,30
floor,30
ten,30
smile,30
posit,29
train,29
mysteri,29
manner,29
new,29
threw,29
true,29
lie,29
address,29
visitor,29
heavi,29
continu,29
shoulder,29
lip,29
tri,29
arm,29
thank,29
god,29
direct,29
occur,29
obviou,29
danger,29
happen,29
problem,28
explain,28
lost,28
feet,28
taken,28
drop,28
listen,28
cab,28
chanc,28
need,28
mine,28
red,28
ran,28
colonel,28
spoke,27
girl,27
ago,27
mark,27
rais,27
none,27
king,27
second,27
heart,27
husband,27
advertis,27
goos,27
coronet,27
result,26
marriag,26
attent,26
seven,26
cloth,26
impress,26
suggest,26
alon,26
state,26
white,26
john,26
wonder,26
drive,26
probabl,26
detail,26
drove,26
hard,26
bird,26
inspector,26
led,25
outsid,25
dr,25
photograph,25
peopl,25
began,25
air,25
die,25
affair,25
lamp,25
held,25
squar,25
idea,25
trace,25
throw,24
account,24
figur,24
six,24
tonight,24
safe,24
beauti,24
promis,24
rose,24
confess,24
speak,24
next,24
expect,24
lane,24
anyon,24
struck,24
slip,24
silenc,24
kind,24
rest,24
finger,24
effect,24
bodi,24
known,24
yard,24
clair,24
form,23
success,23
chang,23
secret,23
write,23
pull,23
passag,23
past,23
sprang,23
whose,23
wit,23
sort,23
ah,23
forc,23
grey,23
readi,23
town,23
manag,23
mother,23
roylott,23
cold,22
lodg,22
fashion,22
mari,22
experi,22
receiv,22
blue,22
stair,22
deep,22
fortun,22
station,22
quick,22
wall,22
easi,22
poor,22
drawn,22
engag,22
learn,22
short,22
thin,22
silent,22
innoc,22
complet,21
happi,21
power,21
fanci,21
dread,21
daughter,21
bedroom,21
suppos,21
object,21
maid,21
ear,21
break,21
quiet,21
determin,21
key,21
redhead,21
afraid,21
citi,21
colour,21
pipe,21
jame,21
allow,21
hosmer,21
stepfath,21
public,21
hunter,21
murder,20
final,20
mere,20
press,20
practic,20
shown,20
hundr,20
written,20
sent,20
peculiar,20
boot,20
charact,20
caught,20
pay,20
child,20
quietli,20
wind,20
arriv,20
toward,20
turner,20
meet,20
fresh,20
bear,20
voic,20
month,20
event,20
sight,20
pain,20
everyth,20
box,20
frank,20
bar,20
extraordinari,19
chamber,19
someon,19
hall,19
compani,19
england,19
coat,19
secur,19
push,19
seat,19
settl,19
slowli,19
attempt,19
high,19
inquiri,19
featur,19
watch,19
glass,19
usual,19
disappear,19
smoke,19
carriag,19
wrong,19
advic,19
opinion,19
beg,19
angel,19
uncl,19
troubl,19
pool,19
mile,19
stoner,19
draw,18
action,18
glad,18
deduc,18
almost,18
simpl,18
trust,18
boy,18
singl,18
majesti,18
wood,18
news,18
tomorrow,18
vanish,18
garden,18
view,18
other,18
search,18
afterward,18
play,18
dead,18
fell,18
stop,18
conclus,18
adventur,18
connect,18
foot,18
low,18
bank,18
wed,18
coron,18
terribl,18
nevil,18
arthur,18
iren,17
habit,17
kindli,17
suit,17
strike,17
extrem,17
visit,17
seriou,17
investig,17
sittingroom,17
deal,17
gener,17
differ,17
becom,17
blow,17
drew,17
refer,17
bright,17
water,17
sum,17
instantli,17
along,17
windibank,17
breakfast,17
holder,17
act,17
gees,17
adler,16
clue,16
twice,16
armchair,16
notic,16
edg,16
lead,16
endeavour,16
brown,16
excus,16
inform,16
prove,16
gold,16
whisper,16
refus,16
ring,16
whatev,16
fit,16
entir,16
neither,16
stare,16
shutter,16
date,16
bow,16
leagu,16
knee,16
gain,16
shook,16
pick,16
third,16
touch,16
sleep,16
hatherley,16
charg,16
openshaw,16
ventil,16
machin,15
book,15
sheet,15
quarter,15
theori,15
presum,15
german,15
scene,15
therefor,15
sharp,15
hors,15
send,15
afternoon,15
record,15
certain,15
field,15
arrest,15
centr,15
later,15
assur,15
today,15
gaze,15
wilson,15
slight,15
metal,15
age,15
full,15
clay,15
wooden,15
duti,15
sudden,15
pale,15
prison,15
solv,15
thumb,15
profession,15
boscomb,15
approach,15
hotel,15
truth,15
gem,15
toller,15
admir,14
world,14
rise,14
societi,14
studi,14
incid,14
employ,14
swiftli,14
bell,14
cigar,14
fail,14
begin,14
wrote,14
hold,14
discov,14
bad,14
band,14
hang,14
occasion,14
purpos,14
difficult,14
privat,14
travel,14
monday,14
situat,14
method,14
except,14
plan,14
church,14
shot,14
number,14
copper,14
broke,14
blood,14
fall,14
breath,14
narr,14
imposs,14
court,14
track,14
common,14
favour,14
build,14
claim,14
amid,14
earli,14
clearli,14
georg,14
convinc,14
mad,14
cover,14
frighten,14
bent,14
envelop,14
den,14
horribl,14
scandal,13
disturb,13
immens,13
lit,13
pace,13
doubl,13
exampl,13
thick,13
eight,13
consult,13
wear,13
nice,13
honour,13
commun,13
broad,13
subject,13
recov,13
stretch,13
leg,13
fill,13
lose,13
excel,13
nearli,13
madam,13
express,13
possess,13
thrust,13
heavili,13
ross,13
cellar,13
coupl,13
statement,13
human,13
nobl,13
piec,13
move,13
knowledg,13
presenc,13
weari,13
yellow,13
firm,13
offer,13
lean,13
moran,13
scream,13
tree,13
whistl,13
horner,13
fine,12
deepli,12
offici,12
tall,12
spoken,12
servant,12
insid,12
often,12
post,12
twist,12
pair,12
stay,12
rich,12
top,12
chin,12
wrist,12
concern,12
retir,12
pretti,12
expens,12
intent,12
fasten,12
dash,12
twenti,12
creatur,12
perfectli,12
valu,12
shake,12
escap,12
broken,12
warn,12
american,12
real,12
unfortun,12
yesterday,12
excit,12
lawn,12
shine,12
crimin,12
merryweath,12
narrow,12
iron,12
len,12
kept,12
fix,12
worn,12
serv,12
astonish,12
aliv,12
gather,12
describ,12
consid,12
sometim,12
grew,12
beech,12
alic,12
heaven,12
lascar,12
bradstreet,12
bohemia,11
master,11
soul,11
keen,11
beyond,11
journey,11
seiz,11
desir,11
remov,11
deduct,11
frequent,11
cloud,11
influenc,11
confid,11
acquaint,11
shadow,11
conduct,11
brioni,11
grasp,11
respect,11
neighbourhood,11
tie,11
law,11
equal,11
contrari,11
mouth,11
rattl,11
crowd,11
pleas,11
prevent,11
preciou,11
evil,11
upstair,11
empti,11
convers,11
sutherland,11
roof,11
sake,11
west,11
huge,11
exceedingli,11
lad,11
sens,11
explan,11
nine,11
jone,11
scotland,11
unless,11
curiou,11
fli,11
circl,11
trap,11
violenc,11
wander,11
horror,11
strength,11
pip,11
lone,11
star,11
opium,11
faint,11
peterson,11
ryder,11
stoke,11
engin,11
hydraul,11
doran,11
precis,10
passion,10
veil,10
memori,10
vagu,10
spare,10
wave,10
indic,10
trifl,10
burn,10
profess,10
easili,10
piti,10
tap,10
thrown,10
awar,10
advis,10
furnish,10
threaten,10
bag,10
ceas,10
emerg,10
dozen,10
advantag,10
latter,10
depend,10
difficulti,10
shout,10
jump,10
chain,10
banker,10
earn,10
proceed,10
finish,10
pavement,10
suspicion,10
sorri,10
column,10
commonplac,10
ship,10
announc,10
worth,10
particular,10
shade,10
folk,10
orang,10
loss,10
bill,10
recognis,10
wild,10
corridor,10
longer,10
robberi,10
spent,10
angri,10
ceil,10
handkerchief,10
spring,10
farther,10
land,10
estat,10
retain,10
spite,10
cheek,10
beneath,10
although,10
proof,10
horsham,10
america,10
fallen,10
sinist,10
villag,10
christma,10
henri,10
snow,10
winchest,10
patient,9
associ,9
sunk,9
dream,9
hot,9
nervou,9
smell,9
medic,9
english,9
prefer,9
wheel,9
fifti,9
limb,9
neck,9
upper,9
shrug,9
weight,9
circumst,9
conceal,9
familiar,9
thirti,9
ruin,9
shortli,9
pleasur,9
unusu,9
goe,9
thoroughli,9
catch,9
devil,9
stick,9
paid,9
bride,9
arrang,9
curios,9
occup,9
quarrel,9
flush,9
struggl,9
injur,9
sofa,9
curl,9
alarm,9
bound,9
nerv,9
futur,9
startl,9
cross,9
furnitur,9
drawer,9
reward,9
affect,9
dare,9
jabez,9
anxiou,9
thousand,9
newspap,9
stain,9
suffer,9
appli,9
earth,9
satisfi,9
tint,9
disappoint,9
ink,9
card,9
grave,9
grass,9
parti,9
dog,9
correct,9
gate,9
lantern,9
pistol,9
plain,9
definit,9
free,9
desert,9
brow,9
anger,9
deadli,9
rain,9
path,9
dri,9
k,9
solut,9
match,9
bureau,9
salesman,9
advanc,9
wing,9
stark,9
eyford,9
pa,9
perfect,8
lover,8
delic,8
introduc,8
crack,8
fierc,8
brother,8
share,8
blind,8
pound,8
chuckl,8
distinct,8
recent,8
instead,8
mistaken,8
immedi,8
sleev,8
wore,8
lower,8
straight,8
agent,8
exactli,8
plainli,8
loung,8
commit,8
women,8
roll,8
tobacco,8
driven,8
glimps,8
twelv,8
bachelor,8
park,8
trouser,8
descript,8
weapon,8
heel,8
brave,8
shriek,8
hesit,8
coffe,8
stagger,8
flight,8
preserv,8
somewhat,8
effort,8
frockcoat,8
household,8
oblig,8
spauld,8
market,8
price,8
vacanc,8
despair,8
stream,8
recal,8
pen,8
middl,8
joke,8
gipsi,8
puzzl,8
nose,8
inquir,8
beat,8
tide,8
realis,8
exact,8
swing,8
revolv,8
neighbour,8
button,8
detect,8
stranger,8
harm,8
gloom,8
protrud,8
shock,8
report,8
print,8
typewrit,8
bottom,8
repli,8
appoint,8
succeed,8
fate,8
infer,8
trivial,8
aid,8
conjectur,8
farm,8
injuri,8
seri,8
children,8
counti,8
eager,8
fold,8
club,8
wound,8
page,8
waterloo,8
distanc,8
bridg,8
whitney,8
swandam,8
villain,8
articl,8
buy,8
countess,8
grimesbi,8
flora,8
motiv,7
energi,7
spirit,7
rub,7
shoe,7
dull,7
servic,7
data,7
cloak,7
beryl,7
extend,7
resolut,7
secreci,7
agit,7
duke,7
forehead,7
accustom,7
shut,7
goodnight,7
nod,7
heartili,7
funni,7
guess,7
norton,7
lawyer,7
relat,7
bore,7
hansom,7
clergyman,7
bridegroom,7
prompt,7
separ,7
delight,7
unpleas,7
formid,7
cap,7
confin,7
signal,7
pictur,7
anim,7
avers,7
size,7
hurt,7
gang,7
rough,7
toss,7
trick,7
suspect,7
panel,7
wire,7
youth,7
descend,7
scatter,7
clever,7
apolog,7
fingertip,7
larger,7
rule,7
waistcoat,7
collar,7
eleven,7
duncan,7
ejacul,7
fault,7
hole,7
main,7
debt,7
north,7
east,7
brick,7
backward,7
fairli,7
burst,7
board,7
lid,7
keenli,7
knock,7
enemi,7
block,7
sweet,7
perform,7
gentli,7
chase,7
asid,7
crop,7
fantast,7
cun,7
franc,7
highest,7
peep,7
clutch,7
c,7
drink,7
charm,7
glove,7
violent,7
treat,7
weak,7
throat,7
amus,7
tail,7
correspond,7
wast,7
rat,7
fair,7
unlock,7
spot,7
paddington,7
actual,7
border,7
assiz,7
angl,7
juri,7
accept,7
cooee,7
submit,7
skill,7
poison,7
lee,7
brandi,7
terror,7
belong,7
command,7
undoubtedli,7
sun,7
resid,7
river,7
somewher,7
grief,7
commiss,7
boon,7
downstair,7
supper,7
hung,7
sold,7
jewel,7
alpha,7
inn,7
breckinridg,7
oakshott,7
lysand,7
fuller,7
searth,7
robert,7
pew,7
burnwel,7
stabl,7
seldom,6
mention,6
emot,6
particularli,6
suffici,6
buri,6
attract,6
tragedi,6
accomplish,6
march,6
chest,6
scent,6
sole,6
weather,6
chronicl,6
europ,6
mask,6
crown,6
volum,6
bit,6
slow,6
paus,6
appar,6
precaut,6
impati,6
born,6
produc,6
serpentin,6
avenu,6
apart,6
disguis,6
whenc,6
sympathi,6
compel,6
neat,6
sovereign,6
altar,6
measur,6
provid,6
convey,6
ordinari,6
task,6
prepar,6
amiabl,6
local,6
unlik,6
inclin,6
elbow,6
freeli,6
attend,6
comfort,6
princip,6
ulster,6
instinct,6
quest,6
dimli,6
reveal,6
beaten,6
stout,6
custom,6
greatest,6
pile,6
belief,6
puf,6
dirti,6
wrinkl,6
china,6
amount,6
salari,6
pure,6
pawnbrok,6
ought,6
instruct,6
south,6
cock,6
tale,6
forev,6
condit,6
encyclopædia,6
saturday,6
premis,6
saxecoburg,6
mantelpiec,6
ball,6
branch,6
stall,6
repres,6
brilliant,6
hunt,6
director,6
massiv,6
contain,6
flash,6
gentl,6
writh,6
tear,6
essenti,6
link,6
clang,6
older,6
incom,6
typewritten,6
glare,6
swear,6
faith,6
bundl,6
sideboard,6
pleasant,6
misfortun,6
characterist,6
devot,6
disposit,6
credit,6
loudli,6
rate,6
request,6
valley,6
onto,6
avoid,6
gun,6
bristol,6
temper,6
utter,6
shatter,6
dad,6
interview,6
shone,6
tut,6
lefthand,6
indian,6
commenc,6
distinctli,6
certainti,6
ash,6
grizzl,6
grip,6
sank,6
forget,6
properti,6
deed,6
ignor,6
greater,6
owe,6
spend,6
initi,6
sundial,6
shape,6
foresight,6
guard,6
accid,6
readili,6
eventu,6
suppli,6
dogcart,6
twinkl,6
crippl,6
beggar,6
valuabl,6
dressinggown,6
previou,6
carbuncl,6
kitchen,6
dressingroom,6
loos,6
brixton,6
cheetah,6
lash,6
justic,6
niec,6
stoper,6
establish,5
obvious,5
henc,5
forefing,5
process,5
instanc,5
cigarett,5
signatur,5
deepest,5
capit,5
mistak,5
bought,5
ha,5
grate,5
silk,5
length,5
count,5
unknown,5
delicaci,5
serious,5
implic,5
murmur,5
tore,5
hurl,5
seal,5
sell,5
anxieti,5
surround,5
subtl,5
groom,5
villa,5
exchang,5
bonnet,5
godfrey,5
inner,5
templ,5
cabman,5
earnestli,5
occas,5
reli,5
discuss,5
insist,5
join,5
visibl,5
plumber,5
capabl,5
increas,5
couch,5
asham,5
motion,5
everyon,5
row,5
palm,5
bellpul,5
satisfact,5
delay,5
greet,5
slept,5
annoy,5
drawingroom,5
hurriedli,5
midnight,5
suspici,5
peac,5
snake,5
liberti,5
otherwis,5
uniqu,5
similar,5
pride,5
pierc,5
reput,5
will,5
vincent,5
snap,5
congratul,5
tug,5
perceiv,5
groan,5
fatal,5
friday,5
goodby,5
persuad,5
golden,5
degre,5
shelf,5
laughter,5
landlord,5
william,5
splash,5
sink,5
asleep,5
lunch,5
french,5
brightli,5
fourth,5
contrast,5
shop,5
cup,5
compos,5
expedit,5
game,5
thief,5
hollow,5
pack,5
pitch,5
compar,5
fond,5
tangl,5
ascertain,5
exist,5
invent,5
limit,5
select,5
test,5
de,5
stock,5
fring,5
deni,5
leadenhal,5
speech,5
pledg,5
sob,5
rel,5
solid,5
convict,5
scoundrel,5
nois,5
breast,5
seek,5
whisker,5
allus,5
telegram,5
lodgekeep,5
destroy,5
season,5
rapidli,5
victoria,5
deposit,5
bone,5
accus,5
health,5
chimney,5
dust,5
meant,5
ballarat,5
garment,5
judg,5
cord,5
kill,5
grin,5
wors,5
foul,5
easier,5
logic,5
gale,5
clad,5
major,5
pondicherri,5
postmark,5
flap,5
ascend,5
sensat,5
suicid,5
newli,5
dunde,5
implor,5
unabl,5
discolour,5
safeti,5
art,5
necessari,5
quickli,5
victim,5
savannah,5
origin,5
rid,5
lap,5
pluck,5
glimmer,5
mutter,5
sleeper,5
lot,5
hearti,5
plenti,5
constabl,5
sill,5
swept,5
surrey,5
forgiv,5
pour,5
regret,5
permiss,5
handl,5
big,5
egg,5
intim,5
drag,5
hasten,5
joy,5
bellrop,5
milk,5
cast,5
due,5
fee,5
slam,5
ceremoni,5
millar,5
gover,5
balanc,4
fals,4
sneer,4
drift,4
bohemian,4
altern,4
drug,4
abandon,4
summon,4
eagerli,4
risen,4
rang,4
formerli,4
introspect,4
wet,4
leather,4
vile,4
silver,4
tophat,4
member,4
royal,4
brougham,4
guinea,4
apiec,4
height,4
flame,4
uncertain,4
colleagu,4
von,4
grow,4
compromis,4
hereditari,4
energet,4
gigant,4
gestur,4
desper,4
wellknown,4
system,4
paragraph,4
fish,4
legal,4
propos,4
yawn,4
cart,4
ad,4
chat,4
landladi,4
invari,4
preposter,4
shag,4
dinner,4
handsom,4
repeat,4
mistress,4
issu,4
landau,4
perch,4
driver,4
knot,4
mumbl,4
respons,4
interfer,4
peer,4
assum,4
polit,4
curv,4
savag,4
fist,4
solemnli,4
grace,4
harden,4
sooner,4
paint,4
clap,4
impuls,4
respond,4
replac,4
elderli,4
plung,4
resourc,4
level,4
highli,4
partner,4
bizarr,4
combin,4
guid,4
inspect,4
british,4
fade,4
overcoat,4
altogeth,4
blaze,4
labour,4
snuff,4
develop,4
especi,4
shini,4
smooth,4
desk,4
pink,4
fourteen,4
widow,4
enorm,4
gentlemen,4
warmli,4
sick,4
copi,4
penni,4
compliment,4
risk,4
b,4
comic,4
conveni,4
richer,4
absenc,4
complain,4
music,4
clump,4
bush,4
fight,4
wrap,4
conceiv,4
reaction,4
dens,4
confus,4
hint,4
brain,4
imbecil,4
crate,4
choos,4
distinguish,4
deeper,4
bulki,4
gape,4
pal,4
clatter,4
ident,4
fascin,4
unnatur,4
writer,4
teeth,4
analysi,4
opposit,4
feather,4
maiden,4
perplex,4
tottenham,4
indulg,4
jacket,4
clerk,4
fourwheel,4
unforeseen,4
shill,4
upward,4
materi,4
ventur,4
fulli,4
torn,4
violet,4
gaiter,4
chemic,4
footfal,4
wash,4
linen,4
control,4
utterli,4
crush,4
flatter,4
deserv,4
punish,4
confirm,4
list,4
camp,4
platform,4
largest,4
coloni,4
term,4
gamekeep,4
add,4
blunt,4
inquest,4
wednesday,4
policecourt,4
protest,4
forgotten,4
deceas,4
stroll,4
hideou,4
sad,4
conscious,4
hypothesi,4
sky,4
bless,4
absurd,4
ill,4
digniti,4
novel,4
surgeon,4
compress,4
snarl,4
highroad,4
limp,4
special,4
enabl,4
clean,4
beard,4
dig,4
invest,4
policeman,4
bitter,4
regard,4
tongu,4
sin,4
frame,4
fireplac,4
newcom,4
weigh,4
war,4
plantat,4
draught,4
attic,4
foreign,4
india,4
breakfastt,4
brass,4
eccentr,4
content,4
southern,4
januari,4
hill,4
error,4
begun,4
hudson,4
attain,4
vessel,4
bend,4
miser,4
dim,4
chill,4
h,4
author,4
shaken,4
cupboard,4
dock,4
gravesend,4
isa,4
foolish,4
flew,4
sooth,4
doubtless,4
escort,4
errand,4
pitiabl,4
recommend,4
straighten,4
sombr,4
hugh,4
scar,4
confeder,4
hedg,4
coars,4
pencil,4
bare,4
pillow,4
awak,4
stir,4
sharpli,4
ledger,4
cell,4
whitewash,4
shirt,4
stoop,4
exposur,4
imprison,4
frost,4
commissionair,4
fat,4
unnecessari,4
disregard,4
ga,4
morcar,4
agenc,4
halfpast,4
slope,4
fowl,4
swung,4
guilt,4
slipper,4
agoni,4
convuls,4
speckl,4
rumour,4
leatherhead,4
avert,4
berkshir,4
disgrac,4
baboon,4
central,4
forth,4
unconsci,4
repair,4
gossip,4
portion,4
erect,4
slit,4
brisk,4
rous,4
tone,4
soft,4
inconveni,4
thu,4
obey,4
threshold,4
balmor,4
aloysiu,4
cousin,4
friendli,4
dishonour,4
moulton,4
frisco,4
streatham,4
tradesmen,4
drunk,4
skylight,4
fowler,4
akin,3
admit,3
intrus,3
factor,3
around,3
absorb,3
cocain,3
mission,3
reign,3
activ,3
daili,3
former,3
civil,3
scarlet,3
clasp,3
mood,3
score,3
parallel,3
scrape,3
mud,3
baffl,3
notepap,3
stiff,3
e,3
g,3
woven,3
contract,3
sparkl,3
resolv,3
loud,3
tast,3
trim,3
broadbrim,3
discret,3
histori,3
incis,3
uncontrol,3
sandwich,3
monograph,3
hum,3
stolen,3
steel,3
blanch,3
provinc,3
await,3
exalt,3
disreput,3
male,3
campaign,3
omin,3
brush,3
monica,3
coachman,3
fare,3
steam,3
lucki,3
beef,3
beer,3
cooper,3
eat,3
costum,3
vari,3
stage,3
acut,3
group,3
guardsmen,3
fro,3
gleam,3
smart,3
loafer,3
protect,3
scuffl,3
outlin,3
purs,3
compunct,3
moist,3
spectacl,3
fathom,3
overpow,3
slide,3
regain,3
chagrin,3
hoars,3
preced,3
betray,3
imprud,3
pursu,3
cruelli,3
truli,3
epistl,3
coldli,3
indebt,3
merri,3
autumn,3
utmost,3
routin,3
enthusiasm,3
flatten,3
averag,3
check,3
albert,3
dangl,3
forgot,3
coin,3
nomin,3
pope,3
fleet,3
coburg,3
job,3
wage,3
photographi,3
improv,3
rabbit,3
berth,3
grown,3
choke,3
pinch,3
requir,3
wrung,3
yell,3
deceiv,3
wax,3
fund,3
benefactor,3
spread,3
lengthen,3
awkward,3
mostli,3
cheer,3
anyhow,3
bottl,3
goodday,3
plank,3
cost,3
roar,3
root,3
identifi,3
vigor,3
cleanshaven,3
judgment,3
footpath,3
suburban,3
assert,3
contempl,3
devour,3
lust,3
oxford,3
peajacket,3
rack,3
treasur,3
rubber,3
higher,3
stake,3
agre,3
labyrinth,3
vault,3
flag,3
magnifi,3
borrow,3
reserv,3
meantim,3
screen,3
depress,3
subdu,3
tension,3
spark,3
apertur,3
skirt,3
clink,3
blandli,3
cool,3
vein,3
policest,3
custodi,3
vulgar,3
tunnel,3
exclaim,3
tout,3
infinit,3
coincid,3
artist,3
magistr,3
vital,3
cruelti,3
meal,3
oscil,3
symptom,3
loom,3
abstract,3
bang,3
younger,3
concentr,3
ticket,3
purpl,3
plush,3
independ,3
wink,3
dwell,3
softli,3
hit,3
defin,3
odd,3
neatli,3
quot,3
strongli,3
unravel,3
graviti,3
penetr,3
useless,3
individu,3
collaps,3
moistur,3
cruel,3
huddl,3
forbid,3
dramat,3
whip,3
swift,3
minor,3
snatch,3
ungrat,3
rummag,3
district,3
proprietor,3
june,3
3rd,3
lake,3
crowder,3
depos,3
reed,3
patienc,3
verdict,3
circumstanti,3
middleag,3
shave,3
guilti,3
decid,3
arous,3
conclud,3
cushion,3
strongest,3
tea,3
pressur,3
union,3
reconsid,3
plot,3
flung,3
unhappi,3
improb,3
insight,3
keenest,3
barmaid,3
rent,3
merest,3
moonshin,3
fog,3
widespread,3
transform,3
whipcord,3
meadow,3
damp,3
calmli,3
research,3
australian,3
presumpt,3
map,3
stride,3
varieti,3
stump,3
usher,3
droop,3
eyebrow,3
diseas,3
jack,3
attack,3
curs,3
mix,3
dislik,3
urg,3
expos,3
luxuri,3
barqu,3
sketch,3
louder,3
aw,3
elia,3
florida,3
exercis,3
lumberroom,3
collect,3
trunk,3
stamp,3
plate,3
skin,3
trembl,3
scrawl,3
mass,3
fluffi,3
drunken,3
forese,3
regist,3
oppos,3
vain,3
senseless,3
footmark,3
dispos,3
elaps,3
crumpl,3
divis,3
glow,3
understood,3
educ,3
rare,3
item,3
fulfil,3
sailingship,3
deriv,3
resembl,3
rifl,3
impun,3
unit,3
class,3
movement,3
entri,3
passersbi,3
sallow,3
decoy,3
thirtysix,3
homeward,3
trough,3
kate,3
tread,3
monoton,3
beckon,3
midst,3
wharf,3
vilest,3
cedar,3
kent,3
regular,3
invalu,3
style,3
frantic,3
accompani,3
resist,3
wretch,3
discoveri,3
curtain,3
bloodstain,3
declar,3
afford,3
stableboy,3
graveldr,3
diningroom,3
simpli,3
dearest,3
wake,3
summer,3
fool,3
metropoli,3
repuls,3
spong,3
horrid,3
sleepi,3
pat,3
fortnight,3
smear,3
chosen,3
prosecut,3
hush,3
interrupt,3
jerk,3
warm,3
crackl,3
batter,3
intellectu,3
fled,3
spoil,3
ruefulli,3
declin,3
limecream,3
loop,3
indoor,3
candl,3
daze,3
merci,3
cosmopolitan,3
22nd,3
jewelcas,3
dressingt,3
intens,3
pet,3
genial,3
windig,3
cravat,3
covent,3
prosper,3
slab,3
bet,3
bred,3
speedili,3
feloni,3
wealth,3
acquir,3
crawl,3
thiev,3
kilburn,3
brute,3
jem,3
crisp,3
tend,3
strain,3
helen,3
hampshir,3
aristocrat,3
sentenc,3
moros,3
julia,3
railway,3
aunt,3
harrow,3
inhabit,3
awaken,3
terrifi,3
housekeep,3
stepdaught,3
broaden,3
poker,3
green,3
alter,3
carpet,3
rope,3
cat,3
saucer,3
clearer,3
cane,3
stronger,3
tightli,3
prolong,3
brace,3
bandag,3
nearer,3
recompens,3
lest,3
countrysid,3
uneasi,3
fiftyguinea,3
creas,3
ferguson,3
lever,3
cylind,3
moonlight,3
englishman,3
persist,3
social,3
backwat,3
hatti,3
california,3
dowri,3
bouquet,3
dissatisfi,3
blame,3
franci,3
nation,3
luci,3
rage,3
probe,3
sweetheart,3
sorrow,3
worri,3
whim,3
parent,3
fad,3
southampton,3
jest,3
ladder,3
eclips,2
predomin,2
adjust,2
instrument,2
loath,2
occupi,2
faculti,2
hopeless,2
do,2
holland,2
twentieth,2
woo,2
brilliantli,2
attitud,2
intend,2
har,2
centuri,2
thursday,2
carelessli,2
crust,2
specimen,2
pronounc,2
eas,2
aloud,2
exagger,2
amiss,2
insens,2
packet,2
p,2
maker,2
monogram,2
gazett,2
shelv,2
construct,2
hoof,2
inch,2
flamecolour,2
consist,2
halfway,2
fur,2
accent,2
kramm,2
nobleman,2
bind,2
titl,2
ormstein,2
languid,2
reopen,2
condescend,2
grand,2
briefli,2
index,2
adopt,2
biographi,2
entangl,2
pooh,2
burglar,2
ransack,2
waylaid,2
scandinavia,2
strict,2
principl,2
kingdom,2
scribbl,2
receipt,2
notebook,2
cabinet,2
grim,2
sidewhisk,2
amaz,2
freemasonri,2
built,2
ostler,2
twopenc,2
serpentinemew,2
sing,2
concert,2
transfer,2
widen,2
aquilin,2
gross,2
regent,2
edgewar,2
halfbutton,2
twentyf,2
fast,2
faster,2
beam,2
licens,2
salli,2
unexpect,2
departur,2
neutral,2
smokerocket,2
baggi,2
sympathet,2
actor,2
scienc,2
dusk,2
scissorsgrind,2
welldress,2
simplifi,2
burgl,2
sidelight,2
loaf,2
lounger,2
hospit,2
treacheri,2
intrust,2
rocket,2
accomplic,2
piteou,2
allimport,2
babi,2
recess,2
narrowli,2
safer,2
mister,2
slim,2
queen,2
relaps,2
chare,2
contin,2
till,2
freedom,2
depart,2
celebr,2
fieri,2
withdraw,2
abruptli,2
helper,2
embellish,2
acknowledg,2
smaller,2
portli,2
ornament,2
velvet,2
manual,2
goodfortun,2
insult,2
intellig,2
cuff,2
patch,2
tattoo,2
literatur,2
scale,2
addit,2
candid,2
ezekiah,2
hopkin,2
elig,2
april,2
employé,2
dive,2
vice,2
cook,2
truste,2
crib,2
extra,2
handi,2
millionair,2
million,2
holiday,2
entertain,2
wig,2
disgust,2
billet,2
britannica,2
blottingpap,2
foolscap,2
bade,2
dilig,2
cardboard,2
curt,2
shove,2
morri,2
temporari,2
edward,2
wise,2
acid,2
frankli,2
featureless,2
underground,2
twostori,2
enclosur,2
laurel,2
spi,2
traffic,2
flow,2
inward,2
swarm,2
abut,2
hobbi,2
enthusiast,2
merit,2
relentless,2
astut,2
languor,2
intuit,2
mortal,2
armi,2
oppress,2
stupid,2
nocturn,2
quarterpast,2
peter,2
sadfac,2
sholto,2
defer,2
grandfath,2
tune,2
endless,2
virtu,2
bulldog,2
claw,2
thoroughfar,2
termin,2
solemn,2
chairman,2
strengthen,2
napoleon,2
unpack,2
bullion,2
misgiv,2
disadvantag,2
shoot,2
dank,2
heavier,2
sigh,2
glint,2
lurid,2
womanli,2
chink,2
momentari,2
rend,2
sprung,2
intrud,2
climb,2
seren,2
sweep,2
repay,2
whiski,2
soda,2
ingeni,2
lure,2
rogu,2
elabor,2
burrow,2
l,2
est,2
outré,2
foreseen,2
everybodi,2
contact,2
argument,2
comment,2
simpler,2
duchess,2
tini,2
boat,2
welcom,2
courtesi,2
purport,2
vacuou,2
fifteen,2
hardi,2
foreman,2
superior,2
wine,2
rambl,2
stole,2
gasfitt,2
anywher,2
cashier,2
worst,2
daylight,2
hate,2
testament,2
saviour,2
shame,2
catastroph,2
foresaw,2
halfmad,2
accur,2
camberwel,2
westhous,2
marbank,2
fenchurch,2
whenev,2
spin,2
invis,2
jet,2
darker,2
greyish,2
welltodo,2
pon,2
farthest,2
pincenez,2
slightli,2
dip,2
tweed,2
elasticsid,2
breach,2
institut,2
testtub,2
drawback,2
middles,2
insinu,2
nearest,2
abroad,2
handwrit,2
slur,2
defect,2
r,2
allud,2
suav,2
transpar,2
ghastli,2
glitter,2
selfish,2
petti,2
stuck,2
enjoy,2
affection,2
bushi,2
decidedli,2
decept,2
pretend,2
vow,2
assault,2
illeg,2
constraint,2
jove,2
speed,2
gallow,2
devoid,2
smallest,2
sampl,2
isol,2
corrobor,2
sceneri,2
gaunt,2
interv,2
medit,2
grant,2
opportun,2
herefordshir,2
australia,2
flower,2
inflict,2
buttend,2
damn,2
culprit,2
landown,2
recollect,2
incap,2
righthand,2
jaw,2
brightest,2
rift,2
indign,2
polici,2
selfrestraint,2
accord,2
display,2
encourag,2
support,2
roughli,2
ensu,2
expir,2
popular,2
deliri,2
evolv,2
hereford,2
abomin,2
flaw,2
hide,2
wreck,2
goldmin,2
undertak,2
yellowback,2
grope,2
hellish,2
extent,2
delirium,2
boardingschool,2
madden,2
sheer,2
frenzi,2
cloudless,2
heiress,2
cocksur,2
tackl,2
senior,2
comfortablelook,2
blotch,2
stricken,2
thinker,2
downward,2
nostril,2
provok,2
wealthi,2
jut,2
belt,2
sodden,2
trampl,2
mole,2
waterproof,2
bark,2
moss,2
cigarhold,2
penknif,2
concept,2
lame,2
bitten,2
outstand,2
ting,2
gaol,2
chap,2
reckless,2
luck,2
highway,2
wick,2
hail,2
stroke,2
beast,2
temptat,2
giant,2
helpless,2
defend,2
prospect,2
happili,2
qualiti,2
analyt,2
surmis,2
amateur,2
mendic,2
island,2
equinocti,2
element,2
civilis,2
cage,2
storm,2
howl,2
umbrella,2
hook,2
mixtur,2
toe,2
prendergast,2
appeal,2
inexplic,2
tire,2
emigr,2
negro,2
republican,2
drank,2
youngster,2
sober,2
patter,2
putti,2
palpit,2
gum,2
rusti,2
oath,2
fordham,2
trebl,2
deadliest,2
ponder,2
basin,2
abus,2
winc,2
soldier,2
outstretch,2
scare,2
nonsens,2
fuss,2
obstin,2
chalkpit,2
inherit,2
messag,2
inexor,2
margin,2
flutter,2
diari,2
mccauley,2
paramor,2
swain,2
reveng,2
web,2
peril,2
ideal,2
impli,2
profound,2
librari,2
threat,2
mailboat,2
ku,2
klux,2
klan,2
notabl,2
georgia,2
outrag,2
openli,2
organis,2
perpetr,2
govern,2
outbreak,2
violin,2
lift,2
hast,2
riversid,2
unclasp,2
hungri,2
bite,2
captain,2
calhoun,2
port,2
file,2
februari,2
badli,2
atlant,2
colleg,2
drench,2
mingl,2
stuff,2
selfcontrol,2
school,2
twitch,2
timid,2
ruffian,2
cheeri,2
alley,2
wharv,2
cave,2
oillamp,2
gush,2
brazier,2
charcoal,2
exclam,2
haggard,2
prey,2
purchas,2
sworn,2
ay,2
trusti,2
doublebed,2
flick,2
gradual,2
tax,2
sore,2
current,2
absurdli,2
concis,2
mayb,2
10,2
aberdeen,2
fresno,2
aspect,2
swore,2
toy,2
strip,2
windowsil,2
swim,2
lodger,2
trade,2
threadneedl,2
crossleg,2
outer,2
nail,2
bleed,2
sourc,2
accumul,2
feasibl,2
outskirt,2
whoa,2
hyster,2
whoever,2
blot,2
lighten,2
leap,2
rearrang,2
insuffici,2
allnight,2
eastern,2
ounc,2
kick,2
incredul,2
gladston,2
riser,2
project,2
tatter,2
ugli,2
perpetu,2
tool,2
peel,2
bewilder,2
destini,2
detain,2
schoolmast,2
famou,2
fleshcolour,2
plaster,2
relief,2
unobserv,2
consum,2
seedi,2
whimsic,2
owner,2
gaslight,2
goodg,2
unimpeach,2
restor,2
brim,2
hatsecur,2
elast,2
dusti,2
moral,2
retrogress,2
selfrespect,2
capac,2
flat,2
weaken,2
radianc,2
electr,2
induc,2
decemb,2
inst,2
morocco,2
transpir,2
catherin,2
cusack,2
sequenc,2
bitterli,2
introduct,2
echo,2
woodcock,2
occurr,2
scotch,2
adapt,2
relic,2
museum,2
penc,2
strode,2
blew,2
publichous,2
holborn,2
pester,2
fiver,2
ate,2
supplier,2
noiseless,2
daresay,2
hubbub,2
cring,2
whine,2
overtook,2
overhear,2
quiver,2
verg,2
cheerili,2
basketchair,2
waitingmaid,2
rug,2
sternli,2
fatten,2
twentysix,2
maggi,2
knife,2
dealer,2
chief,2
retort,2
rapid,2
shiver,2
farintosh,2
wicked,2
survivor,2
richest,2
gambler,2
acr,2
obtain,2
butler,2
twin,2
obstacl,2
vagabond,2
depriv,2
sear,2
consequ,2
alli,2
hing,2
sway,2
drunkard,2
crash,2
oldfashion,2
wide,2
thrill,2
glide,2
agricultur,2
fleshless,2
fleeci,2
waysid,2
mansion,2
shorter,2
stile,2
goodafternoon,2
modern,2
firmli,2
countryhous,2
oak,2
woodwork,2
dummi,2
attach,2
squat,2
undo,2
fright,2
manor,2
clamp,2
extinguish,2
dart,2
noiselessli,2
parish,2
befal,2
darklantern,2
gasp,2
rigid,2
rear,2
recoil,2
pit,2
fang,2
indirectli,2
conscienc,2
finer,2
worthi,2
fewer,2
cure,2
consultingroom,2
crisi,2
bloodless,2
shudder,2
surfac,2
cleaver,2
horrifi,2
orphan,2
exceed,2
discreet,2
bosom,2
product,2
passeng,2
porter,2
chestnut,2
glossi,2
blur,2
monosyl,2
radiu,2
preliminari,2
renew,2
entreati,2
footstep,2
secretari,2
shrunk,2
clank,2
shapeless,2
moon,2
consciou,2
throb,2
buzz,2
rosebush,2
captur,2
plaincloth,2
compass,2
becher,2
stationmast,2
whereabout,2
perturb,2
machineri,2
outhous,2
mould,2
remaind,2
episod,2
easychair,2
listless,2
lazili,2
postpon,2
grosvenor,2
san,2
francisco,2
prize,2
hanov,2
invit,2
lancast,2
honeymoon,2
float,2
jealousi,2
allegro,2
pardon,2
locket,2
exclud,2
confidenti,2
slang,2
complaint,2
devotedli,2
wiser,2
wreath,2
wardrob,2
blunder,2
cardcas,2
fragment,2
humbl,2
briskli,2
bustl,2
humili,2
offend,2
miner,2
apach,2
rail,2
gordon,2
citizen,2
duplic,2
graciou,2
noblest,2
disagre,2
self,2
magnific,2
thirtynin,2
lowest,2
proprieti,2
parr,2
knit,2
complex,2
fairbank,2
financi,2
entranc,2
mirror,2
woodenleg,2
stealthili,2
oppon,2
manifest,2
sensation,2
er,2
wont,2
lectur,2
spenc,2
munro,2
westaway,2
sacrif,2
philadelphia,2
jephro,2
humour,2
abnorm,2
bradshaw,2
swan,2
thud,2
devis,2
unreason,2
nurseri,2
impertin,2
mastiff,2
muzzl,2
coil,2
tress,2
jovial,2
barricad,2
