mr,846
elizabeth,622
could,523
would,461
darci,383
said,368
bennet,323
much,319
must,304
bingley,300
sister,288
miss,287
jane,284
one,272
know,270
ladi,263
think,234
though,218
time,218
soon,216
never,216
see,213
well,211
make,208
say,206
might,199
everi,194
may,191
good,187
littl,187
wickham,186
wish,183
noth,176
collin,172
look,168
lydia,167
hope,167
without,167
feel,164
come,164
friend,164
day,163
even,162
shall,159
famili,156
give,156
go,155
like,153
happi,150
man,146
dear,146
first,145
great,141
manner,137
thought,137
believ,136
howev,134
daughter,134
young,132
mother,132
two,132
father,132
repli,131
letter,129
made,126
ever,126
catherin,126
walk,124
last,122
long,122
marri,122
quit,122
us,121
room,119
alway,118
mani,116
away,114
hous,109
talk,109
receiv,109
return,108
way,108
expect,108
love,107
attent,107
seem,107
sure,106
mean,104
appear,104
answer,103
enough,103
saw,102
take,101
speak,100
felt,99
pleasur,97
hear,95
lizzi,95
express,95
assur,94
subject,94
gardin,94
better,91
inde,90
till,90
kind,90
often,89
came,88
place,88
pass,88
longbourn,88
affect,87
acquaint,87
suppos,87
part,86
realli,86
done,86
want,85
heard,85
object,85
call,84
charlott,84
aunt,84
girl,82
ask,82
turn,82
gener,81
let,80
morn,80
present,80
moment,80
tell,79
engag,79
leav,78
anyth,77
sir,77
word,77
whole,77
live,76
less,76
pleas,76
possibl,76
perhap,75
opinion,75
danc,75
brother,75
reason,75
delight,74
continu,74
ad,74
netherfield,73
therefor,73
upon,73
still,72
find,72
seen,72
yet,71
immedi,70
next,70
luca,70
someth,70
kitti,70
convers,70
surpris,70
consid,69
toward,69
uncl,69
told,68
parti,68
observ,68
eye,68
found,68
relat,68
thing,67
certainli,67
allow,67
follow,66
smile,66
colonel,66
went,66
visit,65
least,65
left,65
admir,65
world,65
home,65
civil,65
marriag,65
charact,64
year,63
mention,63
town,63
togeth,63
respect,62
person,62
ye,62
chapter,61
idea,61
mind,60
woman,60
get,60
cousin,60
sinc,59
began,59
honour,59
either,59
point,59
almost,59
knew,58
whose,58
anoth,58
gone,58
side,58
fortun,57
enter,57
settl,57
meet,57
cri,57
natur,57
meryton,57
far,57
three,56
concern,56
rose,56
known,55
invit,55
dare,55
behaviour,55
differ,55
given,55
stay,55
life,54
read,54
husband,54
london,54
thank,54
abl,54
gave,53
rather,53
took,53
pemberley,53
connect,53
other,52
equal,52
care,52
regard,52
wonder,51
certain,51
fear,51
join,51
whether,51
write,51
occas,50
determin,50
minut,50
comfort,50
power,50
doubt,50
carriag,50
hour,50
desir,49
inform,49
oblig,49
understand,48
cours,48
peopl,48
particular,48
spirit,48
interest,48
week,47
ill,47
accept,47
arriv,47
open,47
perfectli,47
pain,47
beauti,46
william,46
account,46
half,46
busi,46
advantag,46
agreeabl,46
remain,46
listen,46
circumst,46
hardli,46
probabl,46
wife,45
ought,45
address,45
promis,45
offic,45
astonish,45
heart,45
satisfi,45
offer,45
pride,45
everyth,45
scarc,45
convinc,44
short,44
attend,44
longer,44
els,43
persuad,43
spoke,43
endeavour,43
imposs,42
use,42
situat,42
attach,42
ladyship,42
right,41
handsom,41
best,41
ball,41
back,41
compliment,41
help,41
usual,41
happen,41
recollect,41
rest,40
countri,40
prevent,40
name,39
mari,39
favour,39
consequ,39
imagin,39
hertfordshir,39
gentleman,39
near,39
former,39
sens,39
forster,39
resolv,39
de,39
mere,38
depend,38
sat,38
met,38
oh,38
neither,38
door,38
sort,38
bourgh,38
case,37
glad,37
poor,37
afraid,37
gentlemen,37
brought,37
laugh,37
fitzwilliam,37
sensibl,36
amiabl,36
beyond,36
frequent,36
chang,36
form,35
matter,35
dinner,35
everybodi,35
sit,35
disappoint,35
silenc,35
tri,35
distress,35
acknowledg,34
thousand,34
sorri,34
question,34
within,34
also,34
sometim,34
import,34
put,34
night,34
hand,34
whatev,34
four,33
keep,33
ten,33
hurst,33
deal,33
rememb,33
societi,33
enquiri,33
inclin,33
forward,33
direct,33
end,32
men,32
niec,32
afterward,32
particularli,32
sever,32
head,32
indiffer,32
length,32
view,31
taken,31
fine,31
wait,31
air,31
necessari,31
real,31
dine,31
set,31
late,31
neighbourhood,30
five,30
fanci,30
declar,30
credit,30
bring,30
charm,30
younger,30
notic,30
refus,30
instantli,30
exactli,30
phillip,30
month,30
servant,29
design,29
news,29
resent,29
amus,29
counten,29
play,29
alon,29
remark,29
opportun,29
face,29
forc,29
reach,29
silent,29
attempt,29
lost,29
tabl,29
bear,29
master,29
recommend,28
intend,28
reflect,28
book,28
highli,28
meant,28
alreadi,28
dislik,28
toler,28
beg,28
increas,28
satisfact,28
truth,27
fix,27
choos,27
consider,27
suffer,27
easi,27
earli,27
event,27
interrupt,27
remov,27
except,27
begin,27
encourag,27
thu,27
propos,27
absenc,27
send,26
temper,26
pleasant,26
assist,26
intellig,26
enjoy,26
disposit,26
prais,26
anxiou,26
easili,26
scheme,26
alarm,26
repeat,26
prove,26
exceedingli,26
ago,26
state,26
children,25
among,25
second,25
sake,25
stand,25
got,25
entir,25
approach,25
intent,25
paus,25
regiment,25
wholli,25
conduct,25
prepar,25
dread,25
money,25
caus,25
visitor,25
estat,24
derbyshir,24
pretti,24
curios,24
anyon,24
pound,24
spite,24
greater,24
purpos,24
true,24
conceal,24
consol,24
degre,24
work,24
polit,24
favourit,24
readi,24
motiv,24
hurri,24
affair,24
hunsford,24
term,24
regret,24
nephew,24
match,24
larg,23
introduc,23
fortnight,23
excel,23
new,23
step,23
librari,23
eleg,23
anybodi,23
small,23
evid,23
gratitud,23
perceiv,23
partial,23
success,23
companion,23
seriou,23
resolut,23
comprehend,23
trust,23
seat,23
pray,23
confess,23
sincer,23
brighton,23
park,22
prefer,22
ignor,22
humour,22
spent,22
proud,22
compani,22
enquir,22
impati,22
directli,22
whenev,22
show,22
avoid,22
order,22
breakfast,22
latter,22
voic,22
run,22
troubl,22
proceed,22
especi,22
need,22
fair,22
agre,21
flatter,21
employ,21
forget,21
neighbour,21
window,21
plan,21
instead,21
slight,21
gratifi,21
absolut,21
eliza,21
madam,21
wrote,21
watch,21
occur,21
congratul,21
effect,21
eager,21
affection,21
journey,21
share,20
chanc,20
partner,20
maria,20
mistaken,20
mile,20
commun,20
excus,20
vain,20
greatest,20
secur,20
light,20
perform,20
proper,20
danger,20
deserv,20
improv,20
sent,20
health,20
rejoic,20
welcom,20
separ,20
deceiv,20
evil,20
none,19
knowledg,19
extrem,19
housekeep,19
eldest,19
women,19
drew,19
princip,19
unless,19
common,19
superior,19
duti,19
cold,19
requir,19
amaz,19
appli,19
strong,19
prevail,19
colour,19
mark,19
written,19
street,19
son,19
blame,19
imprud,19
paid,18
act,18
report,18
entertain,18
occasion,18
accomplish,18
complet,18
dispos,18
perfect,18
sentiment,18
advis,18
anxieti,18
drawingroom,18
prospect,18
explain,18
profess,18
full,18
confid,18
loss,18
stair,18
led,18
summer,18
capabl,18
scene,18
possess,17
line,17
high,17
reserv,17
assembl,17
actual,17
angri,17
hate,17
stranger,17
nobodi,17
excess,17
likewis,17
spend,17
intim,17
vaniti,17
cheer,17
request,17
bow,17
move,17
carolin,17
dearest,17
hint,17
content,17
carri,17
judg,17
saturday,17
kept,17
earnest,17
ground,17
owe,17
disgrac,17
esteem,17
embarrass,17
extraordinari,16
consent,16
suddenli,16
contain,16
escap,16
fond,16
admit,16
sight,16
decid,16
discov,16
close,16
dress,16
chose,16
period,16
influenc,16
composur,16
felic,16
suspect,16
conclud,16
distanc,16
readili,16
spoken,16
recov,16
gain,16
eas,16
convict,16
grate,16
pardon,16
parsonag,16
produc,16
becam,16
asham,16
singl,15
tomorrow,15
joy,15
conjectur,15
disagre,15
violent,15
advic,15
seek,15
worth,15
folli,15
fact,15
age,15
lodg,15
render,15
offend,15
mine,15
guard,15
studi,15
becom,15
pay,15
wrong,15
bestow,15
entail,15
winter,15
indulg,15
renew,15
afford,15
add,15
otherwis,15
tone,15
chief,15
alter,15
justic,15
arrang,15
finish,15
confus,15
round,15
excit,15
futur,15
miseri,15
unhappi,15
georgiana,15
farther,15
apprehens,15
belief,15
fall,14
establish,14
compass,14
unabl,14
neglect,14
griev,14
pronounc,14
creatur,14
behind,14
twice,14
struck,14
shock,14
privat,14
choic,14
opposit,14
lucas,14
impertin,14
leisur,14
lead,14
succeed,14
eagerli,14
tast,14
wit,14
learn,14
spare,14
bad,14
uneasi,14
awar,14
exert,14
pictur,14
speech,14
materi,14
boast,14
describ,14
piti,14
child,14
expos,14
comparison,14
quarter,14
kent,14
humbl,14
garden,14
claim,14
debt,14
wed,14
road,14
quick,13
old,13
heaven,13
ventur,13
youngest,13
learnt,13
educ,13
steadi,13
greatli,13
valu,13
suspicion,13
sooner,13
assert,13
stood,13
yesterday,13
examin,13
cloth,13
whisper,13
relief,13
ran,13
ration,13
interfer,13
hill,13
fals,13
understood,13
stop,13
anger,13
serious,13
sentenc,13
pretend,12
silli,12
tear,12
raptur,12
entranc,12
compar,12
amongst,12
protest,12
lose,12
commend,12
forgiv,12
mortifi,12
aris,12
public,12
repres,12
strang,12
music,12
grave,12
applic,12
indign,12
deni,12
justifi,12
besid,12
treat,12
wors,12
blush,12
shame,12
delay,12
reject,12
weak,12
tuesday,12
denni,12
forgotten,12
relationship,12
constant,12
awkward,12
shortli,12
preserv,12
courag,12
agit,12
elder,12
elop,12
nonsens,11
difficult,11
teas,11
introduct,11
hors,11
defer,11
etc,11
nobl,11
press,11
tempt,11
suit,11
judgement,11
rank,11
provid,11
formal,11
smallest,11
sweet,11
misfortun,11
safe,11
fail,11
rich,11
due,11
vexat,11
defect,11
clear,11
caught,11
provok,11
instrument,11
glanc,11
entreati,11
hard,11
induc,11
total,11
aloud,11
trifl,11
cross,11
contempt,11
inconveni,11
wild,11
abomin,11
benefit,11
supper,11
triumph,11
overcom,11
check,11
earnestli,11
tea,11
confirm,11
addit,11
delicaci,11
church,11
moreov,11
bless,11
instanc,11
hall,11
lane,11
exclaim,11
incom,11
accus,11
behav,11
necess,11
pursu,11
utter,11
drove,11
support,11
wood,11
chais,10
vex,10
insuffici,10
mamma,10
draw,10
quiet,10
six,10
fashion,10
featur,10
cordial,10
distinguish,10
conceit,10
fault,10
habit,10
impress,10
memori,10
purchas,10
unwil,10
contrari,10
collect,10
author,10
argument,10
unit,10
advanc,10
suppli,10
insist,10
fit,10
die,10
style,10
idl,10
chiefli,10
compli,10
accompani,10
apolog,10
remind,10
merit,10
intimaci,10
explan,10
shook,10
lord,10
scrupl,10
apologis,10
furnitur,10
solemn,10
notion,10
utmost,10
attribut,10
femal,10
reliev,10
hesit,10
youth,10
virtu,10
rise,10
resign,10
secreci,10
travel,10
lambton,10
reynold,10
wretch,10
monday,9
throw,9
abus,9
unlucki,9
variou,9
figur,9
disgust,9
save,9
stupid,9
uncommonli,9
ridicul,9
rais,9
blind,9
friendship,9
highest,9
occupi,9
valuabl,9
lip,9
undoubtedli,9
sound,9
plain,9
display,9
entreat,9
persuas,9
medit,9
contriv,9
note,9
today,9
quarrel,9
coach,9
along,9
summon,9
card,9
low,9
heartili,9
expens,9
patienc,9
art,9
sudden,9
repeatedli,9
correspond,9
discuss,9
sunday,9
hold,9
coupl,9
threw,9
calm,9
wise,9
attract,9
suggest,9
wednesday,9
fish,9
parish,9
ceremoni,9
bore,9
mistress,9
spot,9
commiss,9
eight,9
parent,9
manag,9
dwell,9
unpleas,9
temptat,9
heighten,9
recept,9
jenkinson,9
reproach,9
error,9
insens,9
happiest,9
charg,9
lover,9
seldom,9
gracechurch,9
fresh,9
sourc,9
past,9
properti,8
mistak,8
selfish,8
declin,8
laid,8
fatigu,8
suffici,8
attack,8
somewhat,8
gentlemanlik,8
qualiti,8
punish,8
stori,8
king,8
human,8
approv,8
nearli,8
offens,8
sole,8
guess,8
drink,8
yield,8
command,8
unlik,8
sing,8
proprieti,8
resist,8
nay,8
unfortun,8
conveni,8
thither,8
unknown,8
anim,8
oppos,8
foolish,8
hast,8
activ,8
spring,8
warmth,8
exercis,8
divid,8
solicitud,8
gown,8
independ,8
despis,8
fellow,8
lay,8
game,8
estim,8
servic,8
varieti,8
drive,8
lest,8
fast,8
origin,8
accord,8
warmli,8
sacrific,8
vari,8
domest,8
chosen,8
incap,8
taught,8
circl,8
clergyman,8
punctual,8
allud,8
discours,8
abod,8
properli,8
absurd,8
instruct,8
belong,8
elig,8
unreason,8
final,8
frighten,8
gentl,8
procur,8
extravag,8
measur,8
death,8
liber,8
exist,8
certainti,8
anticip,8
strike,8
disdain,8
georg,8
ceas,8
openli,8
quietli,8
conclus,8
lament,8
difficulti,8
graciou,8
ruin,8
thrown,8
pale,8
gate,8
gover,8
indebt,8
drawn,8
inn,8
scotland,8
univers,7
twenti,7
fret,7
somebodi,7
deep,7
satisfactori,7
descript,7
start,7
consist,7
tall,7
altogeth,7
third,7
endur,7
gallantri,7
censur,7
defici,7
liberti,7
clever,7
wherev,7
formerli,7
strongli,7
friendli,7
st,7
eat,7
disadvantag,7
halfhour,7
unfold,7
similar,7
grow,7
discoveri,7
injur,7
engross,7
action,7
rapid,7
matrimoni,7
secret,7
pursuit,7
complexion,7
tender,7
coffe,7
charl,7
extent,7
sex,7
condescend,7
uncomfort,7
miser,7
approb,7
inferior,7
wide,7
obtain,7
quest,7
consult,7
effort,7
refresh,7
pretens,7
will,7
posit,7
kindli,7
diningroom,7
patro,7
condescens,7
court,7
born,7
talent,7
announc,7
unexpect,7
tranquil,7
free,7
interv,7
sixteen,7
truli,7
forbear,7
mortif,7
resembl,7
detain,7
prejudic,7
pervers,7
gradual,7
proof,7
hasten,7
hopeless,7
hurt,7
fun,7
peculiar,7
disapprob,7
broken,7
improb,7
discharg,7
abhorr,7
involv,7
wound,7
repin,7
struggl,7
river,7
front,7
betray,7
hastili,7
north,6
goodhumour,6
earliest,6
piec,6
sick,6
villag,6
bitter,6
hundr,6
counti,6
accident,6
strength,6
resid,6
halfanhour,6
boy,6
grew,6
twelvemonth,6
song,6
instant,6
flow,6
shop,6
militia,6
louisa,6
lucki,6
imput,6
proport,6
shown,6
weather,6
symptom,6
clock,6
restor,6
dish,6
lessen,6
downstair,6
larger,6
cardtabl,6
languag,6
urg,6
parlour,6
confin,6
delic,6
envi,6
depart,6
infinit,6
syllabl,6
reproof,6
modesti,6
weight,6
affront,6
guest,6
fire,6
ring,6
presenc,6
rous,6
soften,6
peac,6
overlook,6
aspect,6
deliber,6
suitabl,6
avow,6
wander,6
permiss,6
corp,6
nice,6
mutual,6
apart,6
sink,6
drop,6
condit,6
warm,6
irrit,6
trace,6
stronger,6
abil,6
insol,6
everyon,6
enumer,6
accid,6
rate,6
displeasur,6
retain,6
allus,6
wil,6
discern,6
plainli,6
compos,6
complain,6
diffid,6
suspens,6
persist,6
voluntarili,6
paper,6
intercours,6
christma,6
departur,6
speedili,6
incredul,6
emot,6
illnatur,6
falsehood,6
privileg,6
principl,6
worst,6
banish,6
adieu,6
tour,6
lake,6
chair,6
teach,6
fifti,6
accordingli,6
improprieti,6
flirt,6
accent,6
lift,6
england,5
odd,5
mixtur,5
discret,5
exclam,5
amend,5
supposit,5
distant,5
happili,5
coat,5
number,5
unaffect,5
tide,5
forbid,5
detest,5
catch,5
withdrew,5
rude,5
hasti,5
calcul,5
distinct,5
cherish,5
score,5
imaginari,5
impos,5
detect,5
defi,5
energi,5
familiar,5
mode,5
inspir,5
vacant,5
furnish,5
recent,5
rain,5
guid,5
creat,5
held,5
bed,5
acut,5
elsewher,5
retir,5
intrud,5
decorum,5
sleep,5
buy,5
finer,5
station,5
pianofort,5
cover,5
complaint,5
appar,5
thin,5
result,5
mend,5
progress,5
unconcern,5
curiou,5
convey,5
humil,5
execut,5
subsist,5
size,5
alacr,5
rid,5
border,5
uncommon,5
tire,5
exampl,5
novelti,5
method,5
wisest,5
presum,5
morrow,5
exceed,5
uncivil,5
elev,5
moral,5
preced,5
dead,5
promot,5
novemb,5
displeas,5
affabl,5
birth,5
fulli,5
prosper,5
complais,5
caution,5
across,5
awe,5
includ,5
cost,5
whist,5
demand,5
histori,5
desert,5
law,5
descend,5
devot,5
nearer,5
ann,5
useless,5
reput,5
sought,5
aros,5
digniti,5
forgot,5
steward,5
conscienc,5
likelihood,5
reviv,5
sensat,5
regular,5
risk,5
economi,5
practic,5
vestibul,5
goodnatur,5
meanwhil,5
warn,5
deliv,5
overpow,5
dwelt,5
restraint,5
sport,5
prudent,5
condemn,5
mercenari,5
articl,5
tree,5
perus,5
flutter,5
unequ,5
disturb,5
visibl,5
nearest,5
horror,5
sum,5
dull,5
post,5
bought,5
papa,5
welfar,5
collins,5
arisen,5
illjudg,5
lawn,5
dressingroom,5
kill,5
philosophi,5
nerv,4
capric,4
nervou,4
scold,4
cough,4
aye,4
stare,4
dispatch,4
twelv,4
brotherinlaw,4
circul,4
unworthi,4
unreserv,4
contrast,4
pleasantli,4
god,4
cautiou,4
honestli,4
entitl,4
deepli,4
trade,4
inherit,4
owner,4
dissatisfi,4
wellbr,4
angel,4
pack,4
treatment,4
simpleton,4
mix,4
adopt,4
enabl,4
breath,4
higher,4
shake,4
cruel,4
complac,4
selfimport,4
effus,4
coolli,4
captain,4
carter,4
têteàtêt,4
altern,4
benevol,4
impuls,4
field,4
dirti,4
glow,4
withheld,4
absent,4
unwillingli,4
exhibit,4
somewher,4
assent,4
diningparlour,4
fetch,4
build,4
imit,4
asid,4
extens,4
injustic,4
inattent,4
captiv,4
jone,4
quickli,4
breed,4
fifteen,4
ensu,4
trembl,4
messag,4
perpetu,4
union,4
pen,4
careless,4
precipit,4
assum,4
ride,4
aton,4
represent,4
disput,4
seiz,4
shrubberi,4
tongu,4
galleri,4
path,4
salut,4
stretch,4
desper,4
joke,4
inconsist,4
divert,4
own,4
disguis,4
vice,4
jealousi,4
sorrow,4
firm,4
embrac,4
cruelti,4
patronag,4
discourag,4
touch,4
experienc,4
quadril,4
sickli,4
phaeton,4
depriv,4
maintain,4
sermon,4
bid,4
incumb,4
grace,4
muslin,4
recal,4
contempl,4
defend,4
grandeur,4
insignific,4
unguard,4
break,4
graviti,4
deriv,4
behalf,4
contradict,4
solicit,4
select,4
injuri,4
illhumour,4
overspread,4
forcibl,4
infam,4
occurr,4
freedom,4
dictat,4
lower,4
innoc,4
detach,4
inevit,4
melancholi,4
unnecessari,4
briefli,4
confer,4
breakfastroom,4
headstrong,4
gaieti,4
dismiss,4
season,4
sheet,4
passag,4
despair,4
foundat,4
luck,4
forth,4
reconcil,4
humili,4
sunk,4
authoris,4
spread,4
luckili,4
suppress,4
slightli,4
harm,4
prudenc,4
thoughtless,4
whilst,4
unconnect,4
refrain,4
thursday,4
obstin,4
effectu,4
unwelcom,4
amidst,4
formid,4
edg,4
soninlaw,4
beneath,4
driven,4
meat,4
curtsey,4
awaken,4
practis,4
finger,4
solitari,4
offici,4
shut,4
inflict,4
repress,4
cheek,4
reduc,4
unpardon,4
date,4
obey,4
moder,4
undeserv,4
sad,4
essenti,4
abroad,4
valley,4
stream,4
submit,4
misunderstood,4
clapham,4
infami,4
cops,4
impud,4
newcastl,4
wink,4
frank,4
surround,3
bit,3
threeandtwenti,3
develop,3
serv,3
deign,3
circumspect,3
extract,3
tumult,3
surmis,3
skill,3
ascertain,3
disconcert,3
insupport,3
kingdom,3
inhabit,3
splendid,3
ankl,3
horrid,3
meanli,3
acquir,3
amount,3
tenant,3
relianc,3
haughti,3
conceiv,3
jame,3
overheard,3
solid,3
wine,3
goodwil,3
intoler,3
invalu,3
cool,3
swell,3
capit,3
group,3
discomposur,3
jump,3
attorney,3
worthless,3
coincid,3
red,3
intermiss,3
repair,3
weari,3
incred,3
testifi,3
pour,3
indol,3
walker,3
hair,3
petticoat,3
exact,3
fill,3
vulgar,3
poorli,3
reader,3
lie,3
grown,3
height,3
screen,3
list,3
rang,3
impli,3
decidedli,3
housemaid,3
gravel,3
genteel,3
mouth,3
slowli,3
odiou,3
needless,3
mount,3
denial,3
ordinari,3
reprehens,3
jealou,3
recoveri,3
allianc,3
portrait,3
rambl,3
anecdot,3
diffus,3
yawn,3
bye,3
white,3
unconsci,3
consciou,3
plagu,3
dearli,3
regul,3
vouch,3
forev,3
shade,3
tendenc,3
misunderstand,3
agreement,3
postscript,3
borrow,3
sign,3
liveliest,3
guilt,3
breach,3
disrespect,3
widow,3
lewi,3
olivebranch,3
hereaft,3
hospit,3
pompou,3
writer,3
illwil,3
fallen,3
grievou,3
cook,3
withdrawn,3
eloqu,3
preach,3
superintend,3
poni,3
unhappili,3
ornament,3
adorn,3
peculiarli,3
previou,3
adapt,3
keenest,3
behold,3
civilli,3
counteract,3
rector,3
disinterest,3
prepossess,3
stir,3
treasur,3
discompos,3
bonnet,3
unassum,3
intrus,3
unluckili,3
noisi,3
lotteri,3
ticket,3
steadili,3
mantelpiec,3
abundantli,3
unexpectedli,3
per,3
qualifi,3
imparti,3
scandal,3
solitud,3
freeli,3
publicli,3
cruelli,3
competit,3
reveng,3
voluntari,3
trial,3
gather,3
mislead,3
invent,3
disinclin,3
worthi,3
pitiabl,3
suspend,3
signific,3
grief,3
faith,3
deeper,3
appeal,3
puzzl,3
descent,3
plead,3
earlier,3
bent,3
invari,3
repetit,3
reward,3
composedli,3
divers,3
patron,3
settlement,3
extend,3
unwilling,3
secondli,3
violenc,3
deceas,3
uniformli,3
ungener,3
secretli,3
portion,3
sanction,3
persever,3
neg,3
decis,3
interview,3
steadfastli,3
contribut,3
bell,3
mild,3
objection,3
necessarili,3
deject,3
doubl,3
envelop,3
compris,3
distrust,3
foot,3
unjust,3
overcam,3
wealth,3
maid,3
shaken,3
burst,3
selfdeni,3
momentari,3
